-- phpMyAdmin SQL Dump
-- version 4.6.5.2
-- https://www.phpmyadmin.net/
--
-- Host: 127.0.0.1
-- Czas generowania: 17 Lip 2018, 18:05
-- Wersja serwera: 10.1.21-MariaDB
-- Wersja PHP: 7.1.1

SET SQL_MODE = "NO_AUTO_VALUE_ON_ZERO";
SET time_zone = "+00:00";


/*!40101 SET @OLD_CHARACTER_SET_CLIENT=@@CHARACTER_SET_CLIENT */;
/*!40101 SET @OLD_CHARACTER_SET_RESULTS=@@CHARACTER_SET_RESULTS */;
/*!40101 SET @OLD_COLLATION_CONNECTION=@@COLLATION_CONNECTION */;
/*!40101 SET NAMES utf8mb4 */;

--
-- Baza danych: `yardeart`
--

-- --------------------------------------------------------

--
-- Struktura tabeli dla tabeli `answer`
--

CREATE TABLE `answer` (
  `id_answer` int(11) NOT NULL,
  `letter` varchar(1) NOT NULL,
  `content` varchar(255) NOT NULL,
  `fk_question` int(11) NOT NULL
) ENGINE=InnoDB DEFAULT CHARSET=utf8;

--
-- Zrzut danych tabeli `answer`
--

INSERT INTO `answer` (`id_answer`, `letter`, `content`, `fk_question`) VALUES
(1, 'A', 'malowidla z Lascaux', 1),
(2, 'B', 'malowidla z Biskupina', 1),
(3, 'C', 'malowidlo Tancerka', 1),
(4, 'A', 'Wenus z Willendorfu', 2),
(5, 'B', 'Atena z Willendorfu', 2),
(6, 'C', 'Wenus z Sakkara', 2),
(7, 'A', 'zabudowa Biskupina', 3),
(8, 'B', 'zespól Stonehenge', 3),
(9, 'C', 'gród Gniezno', 3),
(10, 'A', 'zespól Stonehenge', 4),
(11, 'B', 'Erechtejon na akropolu', 4),
(12, 'C', 'swiatynia Nike', 4),
(13, 'A', 'Brama Isztar w Babilonie', 5),
(14, 'B', 'Ziggurat', 5),
(15, 'C', 'Assurbanipal w Niniwie', 5),
(16, 'A', 'Zraniona Lwica', 6),
(17, 'B', 'Brama Lwów w Mykenach', 6),
(18, 'C', 'plaskorzezba z Lascaux', 6),
(19, 'A', 'ziggurat z Ur', 7),
(20, 'B', 'swiatynia Ramzesa', 7),
(21, 'C', 'swiatynia Horusa', 7),
(22, 'A', 'faraon Mykerinos z malzonka', 8),
(23, 'B', 'Triada króla Mykerinosa', 8),
(24, 'C', 'Skryba z Sakkara', 8),
(25, 'A', 'królowa Nefretete', 9),
(26, 'B', 'Wenus z Milo', 9),
(27, 'C', 'popiersie Ateny ', 9),
(28, 'A', 'grobowiec Nachta w Tebach', 10),
(29, 'B', ' Abu Simbel', 10),
(30, 'C', 'Edfu', 10),
(31, 'A', 'Sakkara', 11),
(32, 'B', 'Akropol', 11),
(33, 'C', 'Delf', 11),
(34, 'A', 'w Giza', 12),
(35, 'B', 'w Sakkara', 12),
(36, 'C', 'w Abu Simbel', 12),
(37, 'A', 'w Giza', 13),
(38, 'B', 'w Lascaux', 13),
(39, 'C', 'w Niniwie', 13),
(40, 'A', 'polowanie na dzikie ptactwo', 14),
(41, 'B', 'nauka tańca z ptakami', 14),
(42, 'C', 'malowidła z Lascaux', 14),
(43, 'A', 'plaskorzezba Echnatona z rodzina              ', 15),
(44, 'B', 'Triada króla Mykerinosa', 15),
(45, 'C', 'faraon Dzesera z rodzina', 15),
(46, 'A', 'Skryba z Sakkara', 16),
(47, 'B', 'filozof', 16),
(48, 'C', 'Isztar', 16),
(49, 'A', 'swiatynia Ramzesa II w Abu Simbel', 17),
(50, 'B', 'pałac Assurbanipala', 17),
(51, 'C', 'Akropol atenski', 17),
(52, 'A', 'Triada króla Mykerinosa', 18),
(53, 'B', 'faraon Mykerinos z małzonka', 18),
(54, 'C', 'statua Barberini', 18),
(55, 'A', 'zlota maska Tutenhamona', 19),
(56, 'B', 'zlota maska Horusa', 19),
(57, 'C', 'zlota maska Mykerona', 19),
(58, 'A', 'Brama Lwów w Mykenach', 20),
(59, 'B', 'Assurbanipala w Niniwie', 20),
(60, 'C', 'Brama Isztar', 20),
(61, 'A', 'Ksiaze wsród lilii', 21),
(62, 'B', 'malowidło w Nachta w Tebach', 21),
(63, 'C', 'polowanie na dzikie ptactwo', 21),
(64, 'A', 'Paryzanka – malowidlo z Knossos', 22),
(65, 'B', 'Skryba z Sakkara', 22),
(66, 'C', 'kora archaiczna', 22),
(67, 'A', 'waza kretenska z osmiornica', 23),
(68, 'B', 'waza z grobowca z Myken', 23),
(69, 'C', 'waza z Epidauros', 23),
(70, 'A', 'zlota maska grobowa z Myken', 24),
(71, 'B', 'złota maska Tutenhamona', 24),
(72, 'C', 'zlota maska z Caere', 24),
(73, 'A', 'Apollo Belwederski', 25),
(74, 'B', 'Nike', 25),
(75, 'C', 'posag kurosa', 25),
(76, 'A', 'Erechtejon na akropolu atenskim', 26),
(77, 'B', 'Partenon na Akropolu atenskim', 26),
(78, 'C', 'Teatr w Epidauros', 26),
(79, 'A', 'Grupa Laokoona', 27),
(80, 'B', 'Apoksyomenos', 27),
(81, 'C', 'Doryforos walczacy z wezami', 27),
(82, 'A', 'archaiczny', 28),
(83, 'B', 'helenistyczny', 28),
(84, 'C', 'klasyczny', 28),
(85, 'A', 'Lizyp', 29),
(86, 'B', 'Myron', 29),
(87, 'C', 'Poliklet', 29),
(88, 'A', 'Myron \"Dyskobol\"', 30),
(89, 'B', 'Poliklet \"Doryforos\"', 30),
(90, 'C', 'Lizyp \"Apoksyomenos\"', 30),
(91, 'A', 'Nike z Samotraki ', 31),
(92, 'B', 'Nike z Epidauros', 31),
(93, 'C', 'Nike z Myken', 31),
(94, 'A', 'Nike zawiązująca sandał', 32),
(95, 'B', 'Afrodyta z Knidos', 32),
(96, 'C', 'Nike z Apteros', 32),
(100, 'A', 'Procesja Panatenajska', 33),
(101, 'B', 'Partenon na Akropolu ', 33),
(102, 'C', 'plaskorzezba Echnatona ', 33),
(103, 'A', 'Poliklet \"Doryforos\"', 34),
(104, 'B', 'Myron \"Doryforos\"', 34),
(105, 'C', 'Fidiasz \"Doryforos\"', 34),
(106, 'A', 'archaiczny', 35),
(107, 'B', 'hellenistyczny', 35),
(108, 'C', 'klasyczny', 35),
(109, 'A', 'Praksyteles \"Hermes z małym Dionizosem\"', 36),
(110, 'B', 'Fidiasz \"Hermes z małym Dionizosem\"', 36),
(111, 'C', 'Poliklet \"Hermes z małym Dionizosem\"', 36),
(112, 'A', 'Muzeum Pergamonskie', 37),
(113, 'B', 'Muzeum Czartoryskich', 37),
(114, 'C', 'Muzeum Kunsthistorisches', 37),
(115, 'A', 'Bachantka', 38),
(116, 'B', 'Nike', 38),
(117, 'C', 'Wenus', 38),
(118, 'A', 'swiatynia Nike Apteros ', 39),
(119, 'B', 'swiatynia Horusa w Edfu ', 39),
(120, 'C', 'swiatynia Ramzesa II w Abu Simbel ', 39),
(121, 'A', 'Wenus z Milo', 40),
(122, 'B', 'Wenus spod Samosierry', 40),
(123, 'C', 'Wenus z Prima Porta', 40),
(124, 'A', 'Wenus z Milo', 41),
(125, 'B', 'Bachantka', 41),
(126, 'C', 'Nike z Samotraki', 41),
(127, 'A', 'sarkofag malzonków z Caere', 42),
(128, 'B', 'grobowiec królewski', 42),
(129, 'C', 'Rodzina dellaRobbia', 42),
(130, 'A', 'Sztuka etruska ', 43),
(131, 'B', 'Sztuka grecka', 43),
(132, 'C', 'Sztuka bizantynska', 43),
(133, 'A', 'Akwedukt', 44),
(134, 'B', 'Panteon', 44),
(135, 'C', 'Luk Tytusa', 44),
(136, 'A', 'Primavera', 45),
(137, 'B', 'Madonna na tle okna', 45),
(138, 'C', 'Tancerka', 45),
(139, 'A', 'freski z Domu Wettiuszów w Pompejach', 46),
(140, 'B', 'kolegiata w Kruszwicy', 46),
(141, 'C', 'malowidła z Lascaux', 46),
(142, 'A', 'Kolumna Trajana w Rzymie', 47),
(143, 'B', 'Kolumna Marka Aureliusza w Rzymie', 47),
(144, 'C', 'Kolumna sw.Piotra w Rzymie', 47),
(145, 'A', 'Luk Konstantyna', 48),
(146, 'B', 'Luk Tytusa', 48),
(147, 'C', 'Akwedukt', 48),
(148, 'A', 'Luk Tytusa', 49),
(149, 'B', 'Drzwi Gnieznienskie', 49),
(150, 'C', 'Luk triumfalny w Rzymie', 49),
(151, 'A', 'Oltarz Pokoju w Rzymie', 50),
(152, 'B', 'Luk triumfalny', 50),
(153, 'C', 'Oltarz Pergamonski', 50),
(154, 'A', 'Oltarz Pokoju w Rzymie', 51),
(155, 'B', 'Dom Wettiuszow w Pompejach', 51),
(156, 'C', 'Koscioł San Vitale w Rawennie', 51),
(157, 'A', 'Panteon w Rzymie', 52),
(158, 'B', 'Swiatynia Westy w Tivoli', 52),
(159, 'C', 'Dom rzymski w Pompejach', 52),
(160, 'A', 'Posag cesarza Augusta', 53),
(161, 'B', 'Posag Kurosa', 53),
(162, 'C', 'Posag Marka Aureliusza', 53),
(163, 'A', 'Posag konny Marka Aureliusza w Rzymie', 54),
(164, 'B', 'Posag konny Wilhelma 1 ', 54),
(165, 'C', 'Posag konny Fryderyka 2', 54),
(166, 'A', 'Statua Barberini', 55),
(167, 'B', 'Oplakiwanie z Chomranic', 55),
(168, 'C', 'Bracia Limburg', 55),
(169, 'A', 'Swiatynia Westy w Tivoli', 56),
(170, 'B', 'Swiatynia Nike Apteros na Akropolu', 56),
(171, 'C', 'Swiatynia Horusa w Edfu', 56),
(172, 'A', 'Kosciól Hagia Sophia w Konstantynopolu', 57),
(173, 'B', 'Kosciól sw. Michala w Hildesheim ', 57),
(174, 'C', 'Katedra w Spirze ', 57),
(175, 'A', 'ikona', 58),
(176, 'B', 'fresk', 58),
(177, 'C', 'grafika wklesla', 58),
(178, 'A', 'Bazylika San Apollinare Nuovo', 59),
(179, 'B', 'Bazylika sw. Marka w Wenecji', 59),
(180, 'C', 'PalazzoVecchio we Florencji ', 59),
(181, 'A', 'Bazylika sw. Marka w Wenecji', 60),
(182, 'B', 'Bazylika San Apollinare Nuovo', 60),
(183, 'C', 'Katedra w Mediolanie ', 60),
(184, 'A', 'Chrystus Dobry Pasterz', 61),
(185, 'B', 'Sw. Marek', 61),
(186, 'C', 'Sw. Józef', 61),
(187, 'A', 'W Rawennie', 62),
(188, 'B', 'W Watykanie', 62),
(189, 'C', 'W Rzymie', 62),
(190, 'A', 'HagiaSophia', 63),
(191, 'B', 'Santa Maria Novella', 63),
(192, 'C', 'Tempietto', 63),
(193, 'A', 'Ikona Matki Boskiej Wlodzimierskiej', 64),
(194, 'B', 'Ikona Marii Magdaleny', 64),
(195, 'C', 'Ikona Sw.Rity', 64),
(196, 'A', 'Kosciól San Vitale w Rawennie', 65),
(197, 'B', 'Kosciól Mariacki w Gdansku ', 65),
(198, 'C', 'Kosciól Mariacki w Krakowie ', 65),
(199, 'A', 'Kosciól San Vitale w Rawennie', 66),
(200, 'B', 'Ratusz w Antwerpii', 66),
(201, 'C', 'Katedra w Chartres', 66),
(202, 'A', 'W Rzymie', 67),
(203, 'B', 'W Berlinie', 67),
(204, 'C', 'We Florencji', 67),
(205, 'A', 'ksiegi z Kells ', 68),
(206, 'B', 'z Biblii', 68),
(207, 'C', 'z Tory', 68),
(208, 'A', 'Tympanon', 69),
(209, 'B', 'Pilaster', 69),
(210, 'C', 'Meander', 69),
(211, 'A', 'Drzwi gnieznienskie', 70),
(212, 'B', 'Drzwi do baptysterium florenckiego', 70),
(213, 'C', 'Drzwi \"san Lorenzo\"', 70),
(214, 'A', 'Kaplica palacowa w Akwizgranie', 71),
(215, 'B', 'Dom rzymski w Pompejach', 71),
(216, 'C', 'Palac Dozów w Wenecji', 71),
(217, 'A', 'Kaplica palacowa w Akwizgranie', 72),
(218, 'B', 'Palac Dozów w Wenecji', 72),
(219, 'C', 'katedra w Chartres', 72),
(220, 'A', 'Kosciól sw. Michala w Hildesheim', 73),
(221, 'B', 'katedra w Chartres', 73),
(222, 'C', 'Kosciól Mariacki w Krakowie', 73),
(223, 'A', 'Katedra w Spirze', 74),
(224, 'B', 'Katedra w Chartres', 74),
(225, 'C', 'Katedra sw. Wita w Pradze', 74),
(226, 'A', 'Kolegiata w Kruszwicy', 75),
(227, 'B', 'Kosciól sw. Michala ', 75),
(228, 'C', 'Katedra w Kolonii ', 75),
(229, 'A', 'Kolegiata w Tumie pod Łeczyca', 76),
(230, 'B', 'Kolegiata w Kruszwicy', 76),
(231, 'C', 'Katedra w Spirze', 76),
(232, 'A', 'Kosciól Notre Dame', 77),
(233, 'B', 'Kosciól Cluny III', 77),
(234, 'C', 'Katedra sw. Wita w Pradze ', 77),
(235, 'A', 'Kosciól sw. Michala w Hildesheim', 78),
(236, 'B', 'Portal królewski w Chartres', 78),
(237, 'C', 'Kosciól San Vitale w Rawennie', 78),
(238, 'A', 'Sw. Michala w Hildesheim', 79),
(239, 'B', 'San Vitale w Rawennie', 79),
(240, 'C', 'Sw. Prokopa w Strzelnie', 79),
(241, 'A', 'na Wawelu', 80),
(242, 'B', 'w Saint Denis', 80),
(243, 'C', 'w Chartres ', 80),
(244, 'A', 'Portal w Autun', 81),
(245, 'B', 'Tympanon kosciola sw trójcy ze strzelna', 81),
(246, 'C', 'Portal w swiatyni Westy', 81),
(247, 'A', 'portal w Moissac', 82),
(248, 'B', 'Portal w Autun', 82),
(249, 'C', 'portal w Chartres', 82),
(250, 'A', 'Rotunda sw. Prokopa', 83),
(251, 'B', 'Katedra sw. Wita w Pradze ', 83),
(252, 'C', 'Barbakan w Krakowie', 83),
(253, 'A', 'Katedra w Pizie', 84),
(254, 'B', 'Katedra Notre Dame ', 84),
(255, 'C', 'Katedra w Spirze', 84),
(256, 'A', 'Katedra w Sienie', 85),
(257, 'B', 'Katedra w Pizie', 85),
(258, 'C', 'Katedra w Spirze', 85),
(259, 'A', 'Kosciól Mariacki w Krakowie', 86),
(260, 'B', 'Kosciól Mariacki w Gdansku', 86),
(261, 'C', 'Katedra we Wroclawiu', 86),
(262, 'A', 'Nagrobek Kazimierza Jagiellonczyka', 87),
(263, 'B', 'Nagrobek Henryka Probusa', 87),
(264, 'C', 'Nagrobek Kazimierza Wielkiego', 87),
(265, 'A', 'Barbakan w Krakowie', 88),
(266, 'B', 'katedra w Kolonii ', 88),
(267, 'C', 'kamienice Przybylów w Kazimierzu Dolnym ', 88),
(268, 'A', 'chór katedry w Saint Denis', 89),
(269, 'B', 'chór katedry Notre Dame', 89),
(270, 'C', 'chór katedry we Wroclawiu', 89),
(274, 'A', 'Epitafium Wierzbiety z Branic', 90),
(275, 'B', 'Oplakiwanie z Chomranic', 90),
(276, 'C', 'Freski z Asyzu ', 90),
(277, 'A', 'w Cambridge', 91),
(278, 'B', 'w Asyzu', 91),
(279, 'C', 'w Branic', 91),
(280, 'A', 'W Paryzu', 92),
(281, 'B', 'W Pizie', 92),
(282, 'C', 'W Cambridge', 92),
(283, 'A', 'Plan katedry Nôtre Dame', 93),
(284, 'B', 'Plan katedry w Chartres', 93),
(285, 'C', 'Plan katedry sw. Wita', 93),
(286, 'A', 'katedry sw. Wita w Pradze', 94),
(287, 'B', 'katedry w Wells', 94),
(288, 'C', 'Palazzo Vecchio', 94),
(289, 'A', 'Katedra w Chartres', 95),
(290, 'B', 'Katedrya sw. Wita w Pradze', 95),
(291, 'C', 'Katedra w Reims', 95),
(292, 'A', 'Plan katedry w Reims', 96),
(293, 'B', 'Plan katedry w Gnieznie', 96),
(294, 'C', 'Plan katedry w Wells', 96),
(295, 'A', 'katedra w Gnieznie', 97),
(296, 'B', 'Wroclawski Ratusz', 97),
(297, 'C', 'Sainte Chapelle w Paryzu', 97),
(298, 'A', 'Katedra w Kolonii', 98),
(299, 'B', 'Katedra sw. Anny', 98),
(300, 'C', 'Katedra w Asyzu', 98),
(301, 'A', 'Katedra w Mediolanie', 99),
(302, 'B', 'Kosciól Mariacki w Gdansku', 99),
(303, 'C', 'Katedra w Pizie', 99),
(304, 'A', 'Katedra w Reims', 100),
(305, 'B', 'Katedra w Mediolanie', 100),
(306, 'C', 'Katedra z Awinion', 100),
(307, 'A', 'Katedra w Wells ', 101),
(308, 'B', 'Katedra we Wroclawiu', 101),
(309, 'C', 'Katedra w Kolonii', 101),
(310, 'A', 'Katedra we Wroclawiu', 102),
(311, 'B', 'Kosciól Mariacki w Gdansku', 102),
(312, 'C', 'Sainte Chapelle w Paryzu', 102),
(313, 'A', 'Kosciól Mariacki w Gdansku', 103),
(314, 'B', 'Wrocławski Ratusz  ', 103),
(315, 'C', 'Barbakan w Krakowie ', 103),
(316, 'A', 'Ksściól Mariacki w Gdansku', 104),
(317, 'B', 'Katedra sw. Wita w Pradze ', 104),
(318, 'C', 'Kaplica palacowa w Akwizgranie ', 104),
(319, 'A', 'Madonna z Kruzlowej', 105),
(320, 'B', 'Piekna Madonna z Wroclawia', 105),
(321, 'C', 'Pieta z Awinionu', 105),
(322, 'A', 'Nagrobek Henryka Probusa', 106),
(323, 'B', 'Nagrobek Kazimierza Wielkiego', 106),
(324, 'C', 'Nagrobek Kazimierza Jagiellonczyka', 106),
(325, 'A', 'Nagrobek Kazimierza Wielkiego', 107),
(326, 'B', 'Nagrobek Henryka Probusa', 107),
(327, 'C', 'Nagrobek Kazimierza Jagiellonczyka\r\n                                                                               ', 107),
(328, 'A', 'Nawiedzenia i Zwiastowania z katedry w Reims', 108),
(329, 'B', 'Cimabue', 108),
(330, 'C', 'Kolumny z kosciola Norbertanek', 108),
(331, 'A', 'Nicolo Pisano', 109),
(332, 'B', 'Piotr Parler', 109),
(333, 'C', 'Wit Stwosz', 109),
(334, 'A', 'Wit Stwosz', 110),
(335, 'B', 'Simone Martini ', 110),
(336, 'C', 'Nicolo Pisano', 110),
(337, 'A', 'Oplakiwanie z Chomranic', 111),
(338, 'B', 'Oplakiwanie z Awinionu', 111),
(339, 'C', 'Oplakiwanie z z Branic', 111),
(340, 'A', 'we Florencji', 112),
(341, 'B', 'w Paryzu', 112),
(342, 'C', 'w Chartres', 112),
(376, 'A', 'We Wenecji', 113),
(377, 'B', 'W Paryzu', 113),
(378, 'C', 'W Awinion', 113),
(379, 'A', 'Pieta z Awinionu', 114),
(380, 'B', 'Pieta z Lubiaza', 114),
(381, 'C', 'Sw. Anna Samotrzecia', 114),
(382, 'A', 'Pieta z Lubiaza', 115),
(383, 'B', 'Pieta z Awinionu', 115),
(384, 'C', 'Pieta z Kruzlowej', 115),
(385, 'A', 'Piekna Madonna z Wroclawia', 116),
(386, 'B', 'Madonna z Kruzlowej', 116),
(387, 'C', 'Pieta z Awinionu', 116),
(460, 'A', 'Piotr Parler', 117),
(461, 'B', 'Giotto', 117),
(462, 'C', 'Mathias Grünewald', 117),
(501, 'A', 'w Chartres', 118),
(502, 'B', 'w Awinion', 118),
(503, 'C', 'w Pradze', 118),
(504, 'A', 'w Paryzu', 119),
(505, 'B', 'w Pradze ', 119),
(506, 'C', 'w Chartres', 119),
(507, 'A', 'Sainte Chapelle w Paryzu', 120),
(508, 'B', 'PalazzoVecchio we Florencji', 120),
(509, 'C', 'katedra w Sienie', 120),
(510, 'A', 'Sw. Anna Samotrzecia', 121),
(511, 'B', 'Piekna Madonna z Wroclawia', 121),
(512, 'C', 'Madonna z Kruzlowej', 121),
(513, 'A', 'Ucieczka do Egiptu', 122),
(514, 'B', 'Pieta z Lubiaza', 122),
(515, 'C', 'Piekna Madonna z Wroclawia', 122),
(516, 'A', 'Uta i Ekkehart', 123),
(517, 'B', 'Statua Barberini', 123),
(518, 'C', 'Sarkofag malzonkow z Caere', 123),
(519, 'A', 'Wit Stwosz', 124),
(520, 'B', 'Piotr Parler', 124),
(521, 'C', 'Mathias Grünewald', 124),
(522, 'A', 'Wroclawski Ratusz', 125),
(523, 'B', 'PalazzoVecchio we Florencji', 125),
(524, 'C', 'Plac Dozów', 125),
(525, 'A', 'Jan van Eyck', 126),
(526, 'B', 'Hans Memling', 126),
(527, 'C', 'Giotto', 126),
(528, 'A', 'w Asyzu', 127),
(529, 'B', 'w Pradze ', 127),
(530, 'C', 'we Florencji', 127),
(531, 'A', 'Maesta z katedry w Sienie', 128),
(532, 'B', 'Epitafium Wierzbiety z Branic', 128),
(533, 'C', 'Krucyfiks z kosciola Mariackego w Krakowie', 128),
(534, 'A', 'Giotto', 129),
(535, 'B', 'Hans Memling', 129),
(536, 'C', 'Paolo Uccello', 129),
(537, 'A', 'Hans Memling', 130),
(538, 'B', 'Andrea  Castagno', 130),
(539, 'C', 'Wit Stwosz', 130),
(540, 'A', 'Hieronim Bosch \"Syn marnotrawny\"', 131),
(541, 'B', 'AgnoloBronzino  \"Zwyciestwo czasu nad miloscia\"', 131),
(542, 'C', 'Giuseppe Arcimboldo \" Lato\"', 131),
(543, 'A', 'Hieronim Bosch', 132),
(544, 'B', 'AgnoloBronzino', 132),
(545, 'C', 'Andrea  Castagno', 132),
(546, 'A', '\"Wóz siana\"', 133),
(547, 'B', '\"Syn marnotrawny\"', 133),
(548, 'C', '\" Lato\"', 133),
(549, 'A', '\"Madonna kanclerza Rolin\"', 134),
(550, 'B', '\"Madonna kanonika van der Paele\"', 134),
(551, 'C', '\"Malzenstwo Arnolfinich\"', 134),
(552, 'A', '\"Malzenstwo Arnolfinich\"', 135),
(553, 'B', '\"Madonna kanonika van der Paele\"', 135),
(554, 'C', '\"Madonna kanclerza Rolin\"', 135),
(555, 'A', 'Jan van Eyck', 136),
(556, 'B', 'Hans Memling', 136),
(557, 'C', 'Giotto', 136),
(558, 'A', 'Mathias Grunewald', 137),
(559, 'B', 'Peter Paul Rubens', 137),
(560, 'C', 'Hans Memling', 137),
(561, 'A', 'Rogier van der Weyden', 138),
(562, 'B', 'Jan van Eyck', 138),
(563, 'C', 'Mathias Grunewald ', 138),
(564, 'A', '\"Sad Ostateczny\"', 139),
(565, 'B', '\"Zwiastowanie\"', 139),
(566, 'C', '\"Apokalipsa\"', 139),
(567, 'A', 'Simone Martini', 140),
(568, 'B', 'Rogier van der Weyden', 140),
(569, 'C', 'Jan van Eyck', 140),
(570, 'A', 'Andrea Mantegna', 141),
(571, 'B', 'Andrea del Sarto', 141),
(572, 'C', 'El Greco', 141),
(573, 'A', 'Donatello', 142),
(574, 'B', 'Michal Aniol', 142),
(575, 'C', 'El Greco', 142),
(576, 'A', 'Posag konny Gattamelaty', 143),
(577, 'B', 'Posag konny Marka Aureliusza', 143),
(578, 'C', 'Posag konny Augusta z Prima Porta', 143),
(579, 'A', 'Masaccio', 144),
(580, 'B', 'Michal Aniol', 144),
(581, 'C', 'El Greco', 144),
(582, 'A', 'Albrechta Durera', 145),
(583, 'B', 'Giuseppa Arcimboldo', 145),
(584, 'C', 'Parmigianinego', 145),
(585, 'A', 'Miedzioryt', 146),
(586, 'B', 'Akwaforta', 146),
(587, 'C', 'Sucha igla', 146),
(588, 'A', 'Tryptykiem ', 147),
(589, 'B', 'Dyptykiem', 147),
(590, 'C', 'Awersem', 147),
(591, 'A', 'Andrea  Castagno', 148),
(592, 'B', 'Filippo Brunelleschi', 148),
(593, 'C', 'Lorenzo Ghiberti', 148),
(594, 'A', 'Andrea del Verrocchio', 149),
(595, 'B', 'Filippo Brunelleschi', 149),
(596, 'C', 'Lorenzo Ghiberti', 149),
(597, 'A', 'Andrea del Verrocchio', 150),
(598, 'B', 'Donatello', 150),
(599, 'C', 'Michal Aniol', 150),
(600, 'A', 'Posąg konny Colleoniego', 151),
(601, 'B', 'Posag konny Gattamelaty', 151),
(602, 'C', 'Posag konny Marka Aureliusza', 151),
(603, 'A', 'Andrea Palladio - Il Redentore', 152),
(604, 'B', 'Andrea Palladio - Teatro Olimpico', 152),
(605, 'C', 'Andrea Palladio - Villa Rotonda', 152),
(606, 'A', 'Correggio \" Święta noc\"', 153),
(607, 'B', 'El Greco \"Laokoon\"', 153),
(608, 'C', 'Durer \" Melancholia\"', 153),
(609, 'A', 'Domenico Ghirlandaio', 154),
(610, 'B', 'Andrea Palladio', 154),
(611, 'C', 'Lucas Cranach', 154),
(612, 'A', 'Domenico Ghirlandaio', 155),
(613, 'B', 'Andrea Palladio', 155),
(614, 'C', 'Donato Bramante', 155),
(615, 'A', 'Filippo Lippi', 156),
(616, 'B', 'Filippo Brunelleschi', 156),
(617, 'C', 'Hans Holbein', 156),
(618, 'A', '\"Zwiastowanie z Fiesole\"', 157),
(619, 'B', '\"Wniebowziecie\"', 157),
(620, 'C', '\"Cud sw. Marka\"', 157),
(621, 'A', 'Giorgione', 158),
(622, 'B', 'Filippo Lippi', 158),
(623, 'C', 'Hans Holbein ', 158),
(624, 'A', 'Giorgione', 159),
(625, 'B', 'Filippo Lippi', 159),
(626, 'C', 'Hans Holbein', 159),
(627, 'A', '\"Burza\"', 160),
(628, 'B', '\"Huragan\"', 160),
(629, 'C', '\"Zachmurzenie\"', 160),
(630, 'A', '\"Ambasadorowie\"', 161),
(631, 'B', '\"Laokoon\"', 161),
(632, 'C', '\"Assunta\"', 161),
(633, 'A', 'Hans Holbein', 162),
(634, 'B', 'Filippo Lippi', 162),
(635, 'C', 'Giorgione', 162),
(636, 'A', 'Michal Aniol ', 163),
(637, 'B', 'Donatello', 163),
(638, 'C', 'Andrea del Verrocchio', 163),
(639, 'A', 'Leonardo da Vinci', 164),
(640, 'B', 'Giovanni da Bologna', 164),
(641, 'C', 'Benvenuto Cellini', 164),
(642, 'A', 'Leonardo da Vinci', 165),
(643, 'B', 'Andrea  Castagno', 165),
(644, 'C', 'Giovanni da Bologna', 165),
(645, 'A', 'w Krakowie', 166),
(646, 'B', 'w Paryzu ', 166),
(647, 'C', 'w Dreznie', 166),
(648, 'A', 'Leonardo da Vinci', 167),
(649, 'B', 'Giovanni da Bologna', 167),
(650, 'C', 'Benvenuto Cellini', 167),
(651, 'A', 'Leonardo da Vinci', 168),
(652, 'B', 'Giorgione', 168),
(653, 'C', 'Anton van Dyck', 168),
(654, 'A', 'Lorenzo Ghiberti', 169),
(655, 'B', 'San Giovanni', 169),
(656, 'C', 'Filipp Brunelleschi', 169),
(657, 'A', 'Lucas Cranach', 170),
(658, 'B', 'Anton van Dyck', 170),
(659, 'C', 'Jacopo Pontormo', 170),
(660, 'A', '\"Wenus i Amor\"', 171),
(661, 'B', '\"Spiaca Wenus\"', 171),
(662, 'C', '\"Primavera\"', 171),
(663, 'A', '\"Maria Magdalena\"', 172),
(664, 'B', '\"Bezdomna\"', 172),
(665, 'C', '\"Melancholia\"', 172),
(666, 'A', '\"Grosz czynszowy\"', 173),
(667, 'B', '\"Podatki\"', 173),
(668, 'C', '\"Danina\"', 173),
(669, 'A', 'Masaccio', 174),
(670, 'B', 'Michal Aniol', 174),
(671, 'C', 'Antoine Watteau', 174),
(672, 'A', 'we Florencji', 175),
(673, 'B', 'w Paryzu', 175),
(674, 'C', 'w Madrycie', 175),
(675, 'A', ' Na sklepieniu kaplicy Sykstynskiej', 176),
(676, 'B', 'Na sklepieniu bazyliki sw. Piotra', 176),
(677, 'C', 'Na sklepieniu  kosciola Santa Maria Novella', 176),
(678, 'A', 'Michal Aniol', 177),
(679, 'B', 'Donatello ', 177),
(680, 'C', 'Giovanni da Bologna', 177),
(681, 'A', 'Michal Aniol', 178),
(682, 'B', 'Donatello ', 178),
(683, 'C', 'Giovanni da Bologna', 178),
(684, 'A', 'Michal Aniol', 179),
(685, 'B', 'Leonardo da Vinci', 179),
(686, 'C', 'Giovanni da Bologna', 179),
(687, 'A', 'Michal Aniol', 180),
(688, 'B', 'Hans Holbein', 180),
(689, 'C', 'Andrea del Sarto', 180),
(690, 'A', 'Nagrobek Medycyuszy', 181),
(691, 'B', 'Sad Ostateczny ', 181),
(692, 'C', 'Nagrobek Paumgartnerów', 181),
(693, 'A', 'Paolo Uccello', 182),
(694, 'B', 'Hans Holbein', 182),
(695, 'C', 'Andrea del Sarto', 182),
(696, 'A', 'Piero della Francesca', 183),
(697, 'B', 'Paolo Uccello', 183),
(698, 'C', 'Hans Holbein', 183),
(699, 'A', 'Piero della Francesca', 184),
(700, 'B', 'Paolo Uccello', 184),
(701, 'C', 'Domenico Ghirlandaio', 184),
(702, 'A', 'Piero della Francesca', 185),
(703, 'B', 'Domenico Ghirlandaio', 185),
(704, 'C', 'Pieter Bruegel', 185),
(705, 'A', 'Wieza Babel', 186),
(706, 'B', 'Upadek wiezy', 186),
(707, 'C', 'Kraina lenistwa', 186),
(708, 'A', 'Pieter Bruegel', 187),
(709, 'B', 'Piero della Francesca', 187),
(710, 'C', 'Paolo Uccello', 187),
(711, 'A', 'Madonna ze szczyglem', 188),
(712, 'B', 'Piękna Ogrodniczka', 188),
(713, 'C', 'Madonna Sykstynska', 188),
(714, 'A', 'Rafael Santi', 189),
(715, 'B', 'Giorgione', 189),
(716, 'C', 'Filippo Lippi', 189),
(717, 'A', 'Rafael Santi', 190),
(718, 'B', 'Giorgione', 190),
(719, 'C', 'Filippo Lippi', 190),
(720, 'A', 'Madonna Sykstynska', 191),
(721, 'B', 'Madonna ze szczyglem', 191),
(722, 'C', 'Madonna della Sedia', 191),
(723, 'A', 'Madonna Magnificat', 192),
(724, 'B', 'Madonna Sykstynska', 192),
(725, 'C', 'Madonna ze szczyglem', 192),
(726, 'A', 'Sandro Botticelli', 193),
(727, 'B', 'Tintoretto', 193),
(728, 'C', 'Tycjan', 193),
(729, 'A', 'Primavera', 194),
(730, 'B', 'Madonna Magnificat', 194),
(731, 'C', 'Narodziny Wenus', 194),
(732, 'A', 'Sandro Botticelli', 195),
(733, 'B', 'Tintoretto', 195),
(734, 'C', 'Tycjan', 195),
(735, 'A', 'portret Baltazara Castiglione', 196),
(736, 'B', 'portret  Montefela', 196),
(737, 'C', 'portret Marcina Lutra', 196),
(738, 'A', 'Tintoretto', 197),
(739, 'B', 'Tycjan', 197),
(740, 'C', 'Paolo Veronese', 197),
(741, 'A', 'Tycjan \"Bachanalie\"', 198),
(742, 'B', 'Tycjan \"Miłość ziemska i niebiańska\"', 198),
(743, 'C', 'Tycjan \"Assunta\"', 198),
(744, 'A', 'Tycjan \"Miłość ziemska i niebiańska\"', 199),
(745, 'B', 'Tycjan \"Bachanalie\"', 199),
(746, 'C', 'Tycjan \"Assunta\"', 199),
(747, 'A', 'Tycjan', 200),
(748, 'B', 'Donatello ', 200),
(749, 'C', 'Giovanni da Bologna', 200),
(750, 'A', 'Flora', 201),
(751, 'B', 'Fauna', 201),
(752, 'C', 'Natura', 201),
(753, 'A', 'Agnolo Bronzino', 202),
(754, 'B', 'Giovanni da Bologna', 202),
(755, 'C', 'Andrea del Sarto', 202),
(756, 'A', 'Agnolo Bronzino', 203),
(757, 'B', 'Paolo Veronese', 203),
(758, 'C', 'Andrea del Sarto', 203),
(759, 'A', 'Madonna z harpiami', 204),
(760, 'B', 'Madonna Sykstynska', 204),
(761, 'C', 'Madonna ze szczyglem', 204),
(762, 'A', 'Benvenuto Cellini \"Perseusz\"', 205),
(763, 'B', 'Giovanni da Bologna\"Perseusz\"', 205),
(764, 'C', 'Andrea del Sarto\"Perseusz\"', 205),
(765, 'A', 'Benvenuto Cellini', 206),
(766, 'B', 'Giovanni da Bologna', 206),
(767, 'C', 'Bartolomeo Berecci', 206),
(768, 'A', 'Pogrzeb hrabiego Orgaza', 207),
(769, 'B', 'Zeslanie Ducha Swietego', 207),
(770, 'C', 'Laokoon', 207),
(771, 'A', 'Zmartwychwstanie', 208),
(772, 'B', 'Zeslanie Ducha Swietego', 208),
(773, 'C', 'Laokoon', 208),
(774, 'A', 'El Greco', 209),
(775, 'B', 'Jacopo Pontormo', 209),
(776, 'C', 'Agnolo Bronzino', 209),
(777, 'A', 'El Greco', 210),
(778, 'B', 'Jacopo Pontormo', 210),
(779, 'C', 'Agnolo Bronzino', 210),
(780, 'A', 'Zwiastowanie', 211),
(781, 'B', 'Zeslanie Ducha Swietego', 211),
(782, 'C', 'Laokoon', 211),
(783, 'A', 'Giovanni da Bologna', 212),
(784, 'B', 'Benvenuto Cellini', 212),
(785, 'C', 'Bartolomeo Berecci', 212),
(786, 'A', 'Giovanni da Bologna', 213),
(787, 'B', 'Benvenuto Cellini', 213),
(788, 'C', 'Bartolomeo Berecci', 213),
(789, 'A', 'Lato', 214),
(790, 'B', 'Jesien ', 214),
(791, 'C', 'Wiosna', 214),
(792, 'A', 'Jacopo Pontormo', 215),
(793, 'B', 'El Greco', 215),
(794, 'C', 'Agnolo Bronzino', 215),
(795, 'A', 'Parmigianino', 216),
(796, 'B', 'Antoni van Opbergen', 216),
(797, 'C', 'Santi Gucci', 216),
(798, 'A', 'Madonna z długą szyją', 217),
(799, 'B', 'Madonna z harpiami', 217),
(800, 'C', 'Madonna Sykstynska', 217),
(801, 'A', 'Diana lowczyni', 218),
(802, 'B', 'Lukrecja Panciatichi', 218),
(803, 'C', 'Przebudzone sumienie', 218),
(804, 'A', 'Wielki Arsenal w Gdansku', 219),
(805, 'B', 'Ratusz w Antwerpii', 219),
(806, 'C', 'Katedra sw. Pawla w Londynie', 219),
(807, 'A', 'Arrasy wawelskie', 220),
(808, 'B', 'Freski na sklepieniu bazyliki sw. Piotra', 220),
(809, 'C', 'Maesta z katedry w Sienie', 220),
(810, 'A', 'Nagrobek Zygmunta Starego', 221),
(811, 'B', 'Nagrobek Jagiellonczyka ', 221),
(812, 'C', 'Nagrobek Kazimierza III Wielkiego', 221),
(813, 'A', 'Ratusz w Poznaniu', 222),
(814, 'B', 'Ratusz w Krakowie', 222),
(815, 'C', 'Ratusz w Warszawie', 222),
(816, 'A', 'Attyka krakowskich Sukiennic', 223),
(817, 'B', 'Wielki Arsenal w Gdansku', 223),
(818, 'C', 'Ratusz w Antwerpii', 223),
(819, 'A', 'W Kazimierzu Dolnym', 224),
(820, 'B', 'W Zamosciu', 224),
(821, 'C', 'W Baranowie', 224),
(822, 'A', 'Santi Gucci', 225),
(823, 'B', 'Bartolomeo Berecci', 225),
(824, 'C', 'Antoni van Opbergen', 225),
(825, 'A', 'Santi Gucci', 226),
(826, 'B', 'Bartolomeo Berecci', 226),
(827, 'C', 'Antoni van Opbergen', 226),
(828, 'A', 'Zamek w Baranowie', 227),
(829, 'B', 'Zamek w Zamosciu', 227),
(830, 'C', 'Zamek w Kazimierzu Dolnym', 227),
(831, 'A', 'Santi Gucci', 228),
(832, 'B', 'Antoni van Opbergen', 228),
(833, 'C', 'Jan Maria Padovano', 228),
(834, 'A', 'Zamosc', 229),
(835, 'B', 'Poczdam', 229),
(836, 'C', 'Drezno', 229),
(837, 'A', 'Taniec smierci ', 230),
(838, 'B', 'Sad ostateczny ', 230),
(839, 'C', 'Chocholi taniec', 230),
(840, 'A', 'Immaculata', 231),
(841, 'B', 'Madonna z harpiami', 231),
(842, 'C', 'Diana lowczyni', 231),
(843, 'A', 'Portret Nelly O`Brien', 232),
(844, 'B', 'Portret trumienny', 232),
(845, 'C', 'Portret Malgorzaty', 232),
(846, 'A', 'Andrea del Pozzo', 233),
(847, 'B', 'Jacek Malczewski', 233),
(848, 'C', 'Annibale Carracci', 233),
(849, 'A', 'Annibale Carracci', 234),
(850, 'B', 'Andrea del Pozzo', 234),
(851, 'C', 'Jacek Malczewski', 234),
(852, 'A', 'Barok ', 235),
(853, 'B', 'Manieryzm', 235),
(854, 'C', 'Rokoko', 235),
(855, 'A', 'Antoine Watteau', 236),
(856, 'B', 'Anton van Dyck', 236),
(857, 'C', 'Andrea del Pozzo', 236),
(858, 'A', 'Szyld Gersainta', 237),
(859, 'B', 'Petit Trianon', 237),
(860, 'C', 'Immaculata', 237),
(861, 'A', 'Antoine Watteau', 238),
(862, 'B', 'Anton van Dyck', 238),
(863, 'C', 'Andrea del Pozzo', 238),
(864, 'A', 'Anton van Dyck', 239),
(865, 'B', 'Antoine Watteau', 239),
(866, 'C', 'Antonio Canale', 239),
(867, 'A', 'Antonio Canale', 240),
(868, 'B', 'Augustyn Locci', 240),
(869, 'C', 'Artemisia Gentileschi', 240),
(870, 'A', 'Artemisia Gentileschi', 241),
(871, 'B', 'Caravaggio', 241),
(872, 'C', 'Meindert Hobbema', 241),
(873, 'A', 'Odjazd sw. Urszuli', 242),
(874, 'B', 'Ladowanie Kleopatry w Tarsie', 242),
(875, 'C', 'Odjazd na Cytere', 242),
(876, 'A', 'Claude Lorraine', 243),
(877, 'B', 'Artemisia Gentileschi', 243),
(878, 'C', 'Meindert Hobbema', 243),
(879, 'A', 'Portret Jana Kazimierza', 244),
(880, 'B', 'Portret Zygmunta Starego', 244),
(881, 'C', 'Portret Filipa IV', 244),
(882, 'A', 'Diego Rodriguez de Silva y Velazquez', 245),
(883, 'B', 'Daniel Schulz', 245),
(884, 'C', 'Egid Quirin Asam', 245),
(885, 'A', 'Panny dworskie', 246),
(886, 'B', 'Infantka Malgorzata ', 246),
(887, 'C', 'Portret Nelly O`Brien', 246),
(888, 'A', 'Portret Innocentego X', 247),
(889, 'B', 'Portret Filipa IV', 247),
(890, 'C', 'Portret Jana Kazimierza', 247),
(891, 'A', 'Velazquez', 248),
(892, 'B', 'Daniel Schulz', 248),
(893, 'C', 'Egid Quirin Asam', 248),
(894, 'A', 'Portret Filipa IV', 249),
(895, 'B', 'Portret Innocentego X', 249),
(896, 'C', 'Portret Jana Kazimierza', 249),
(897, 'A', 'Velazquez', 250),
(898, 'B', 'Francesco Guardi', 250),
(899, 'C', 'Frans Snyders', 250),
(900, 'A', 'Egid Quirin Asam', 251),
(901, 'B', 'Frans Snyders', 251),
(902, 'C', 'Francesco Borromini', 251),
(903, 'A', 'Posag konny Piotra I', 252),
(904, 'B', 'Posag konny Gattamelaty', 252),
(905, 'C', 'Posag konny Marka Aureliusza', 252),
(906, 'A', 'Francesco Guardi', 253),
(907, 'B', 'François Boucher', 253),
(908, 'C', 'Frans Hals', 253),
(909, 'A', 'Francesco Guardi', 254),
(910, 'B', 'François Boucher', 254),
(911, 'C', 'Frans Hals', 254),
(912, 'A', 'Francesco Guardi', 255),
(913, 'B', 'François Boucher', 255),
(914, 'C', 'Frans Hals', 255),
(915, 'A', 'Kapiel Diany ', 256),
(916, 'B', 'Toaleta Wenus', 256),
(917, 'C', 'Nimfy', 256),
(918, 'A', 'François Boucher', 257),
(919, 'B', 'Giovanni Trevano', 257),
(920, 'C', 'Francesco Guardi', 257),
(921, 'A', 'François Boucher', 258),
(922, 'B', 'Jacob Jordaens', 258),
(923, 'C', 'Giovanni Trevano', 258),
(924, 'A', 'Frans Hals', 259),
(925, 'B', 'Jacob Jordaens', 259),
(926, 'C', 'Francesco Guardi', 259),
(927, 'A', 'Spizarnia', 260),
(928, 'B', 'Martwa natura z kobieta', 260),
(929, 'C', 'Martwa zwierzyna ', 260),
(930, 'A', 'Georges de la Tour', 261),
(931, 'B', 'Georg Wenceslas', 261),
(932, 'C', 'Gabriel Germain Boffrand', 261),
(933, 'A', 'Sw. Maria Magdalena pokutujaca', 262),
(934, 'B', 'Wieczorna Toaleta ', 262),
(935, 'C', 'Portret Nelly O`Brien', 262),
(936, 'A', 'Georges de la Tour', 263),
(937, 'B', 'Georg Wenceslas', 263),
(938, 'C', 'Gabriel Germain Boffrand', 263),
(939, 'A', 'Gianbattista Tiepolo', 264),
(940, 'B', 'Michal Aniol', 264),
(941, 'C', 'Gianlorenzo Bernini', 264),
(942, 'A', 'Gianlorenzo Bernini', 265),
(943, 'B', 'Gianbattista Tiepolo', 265),
(944, 'C', 'Georg Wenceslas', 265),
(945, 'A', 'Gianlorenzo Bernini', 266),
(946, 'B', 'Ignaz Günther', 266),
(947, 'C', 'Johann Bernhard', 266),
(948, 'A', 'Nagrobek Ludwiki Albertoni', 267),
(949, 'B', 'Ekstaza sw. Teresy', 267),
(950, 'C', 'Nagrobek sw. Magdaleny', 267),
(951, 'A', 'Gianlorenzo Bernini', 268),
(952, 'B', 'Michal Aniol', 268),
(953, 'C', 'Donatello', 268),
(954, 'A', 'Gianlorenzo Bernini', 269),
(955, 'B', 'Ignaz Günther', 269),
(956, 'C', 'Johann Bernhard', 269),
(957, 'A', 'Nagrobek papieza Urbana VIII', 270),
(958, 'B', 'Nagrobek sw. Mateusza', 270),
(959, 'C', 'Nagrobek Marii Magdaleny', 270),
(960, 'A', 'Ludwik XIV w stroju koronacyjnym', 271),
(961, 'B', ' Chlodwig II w stroju koronacyjnym', 271),
(962, 'C', ' Konrad I w stroju koronacyjnym', 271),
(963, 'A', 'Ignaz Günther', 272),
(964, 'B', 'Gianlorenzo Bernini', 272),
(965, 'C', 'Jules Hardouin', 272),
(966, 'A', 'Jacob Jordaens', 273),
(967, 'B', 'Jacopo da Vignola', 273),
(968, 'C', 'Jacob Prandtauer', 273),
(969, 'A', 'Jacob van Ruisdael', 274),
(970, 'B', 'Jacob Jordaens', 274),
(971, 'C', 'Jacopo da Vignola', 274),
(972, 'A', 'Jan Bruegel', 275),
(973, 'B', 'Jacob van Ruisdael', 275),
(974, 'C', 'Jan Steen', 275),
(975, 'A', 'Jan Steen', 276),
(976, 'B', 'Jan Bruegel', 276),
(977, 'C', 'Jan Trevano', 276),
(978, 'A', 'Alegoria malarstwa', 277),
(979, 'B', 'Lekcja malarstwa ', 277),
(980, 'C', 'Alegoria piekna', 277);

-- --------------------------------------------------------

--
-- Struktura tabeli dla tabeli `question`
--

CREATE TABLE `question` (
  `id_question` int(11) NOT NULL,
  `content` varchar(255) NOT NULL,
  `correct_answer_letter` varchar(1) NOT NULL,
  `img` int(20) NOT NULL,
  `epoka` varchar(50) NOT NULL
) ENGINE=InnoDB DEFAULT CHARSET=utf8;

--
-- Zrzut danych tabeli `question`
--

INSERT INTO `question` (`id_question`, `content`, `correct_answer_letter`, `img`, `epoka`) VALUES
(1, 'Jaki jest tytul?', 'A', 1, 'star'),
(2, 'Jaki jest tytul?', 'A', 2, 'star'),
(3, 'Jaki jest tytul?', 'A', 3, 'star'),
(4, 'Jaki jest tytul?', 'A', 4, 'star'),
(5, 'Jaki jest tytul?', 'A', 5, 'star'),
(6, 'Jaki jest tytul?', 'A', 6, 'star'),
(7, 'Jaki jest tytul?', 'A', 7, 'star'),
(8, 'Jaki jest tytul?', 'A', 8, 'star'),
(9, 'Jaki jest tytul?', 'A', 9, 'star'),
(10, 'Gdzie znajduje sie \"Tancerka i dwie muzykantki\"?', 'A', 10, 'star'),
(11, 'Gdzie znajduje sie \"Piramida faraona Dzesera\"?', 'A', 11, 'star'),
(12, 'Gdzie znajduja sie piramidy Cheopsa, Chefrena i Mykerinosa?', 'A', 12, 'star'),
(13, 'Gdzie znajduje sie Sfinks?', 'A', 13, 'star'),
(14, 'Jaki jest tytul?', 'A', 14, 'star'),
(15, 'Jaki jest tytul?', 'A', 15, 'star'),
(16, 'Jaki jest tytul?', 'A', 16, 'star'),
(17, 'Jaki jest tytul?', 'A', 17, 'star'),
(18, 'Jaki jest tytul?', 'A', 18, 'star'),
(19, 'Jaki jest tytul?', 'A', 19, 'star'),
(20, 'Jaki jest tytul?', 'A', 20, 'star'),
(21, 'Jaki jest tytul?', 'A', 21, 'star'),
(22, 'Jaki jest tytul?', 'A', 22, 'star'),
(23, 'Jaki jest tytul?', 'A', 23, 'star'),
(24, 'Jaki jest tytul?', 'A', 24, 'star'),
(25, 'Jaki jest tytul?', 'A', 25, 'star'),
(26, 'Jaki jest tytul?', 'A', 26, 'star'),
(27, 'Jaki jest tytul?', 'A', 27, 'star'),
(28, 'Rzezba pt.\"Kora\" jaki to okres w sztuce Greckiej?', 'A', 28, 'star'),
(29, '\"Odpoczywajacy Herakles\" kim jest autor?', 'A', 29, 'star'),
(30, 'Jaki jest tytul?', 'A', 30, 'star'),
(31, 'Jaki jest tytul?', 'A', 31, 'star'),
(32, 'Jaki jest tytul?', 'A', 32, 'star'),
(33, 'Jaki jest tytul?', 'A', 33, 'star'),
(34, 'Kto jest autorem?', 'A', 34, 'star'),
(35, '\"posąg kurosa\" jaki to okres w sztuce Greckiej?', 'A', 35, 'star'),
(36, 'Jaki jest tytul?', 'A', 36, 'star'),
(37, 'Jaki jest tytul?', 'A', 37, 'star'),
(38, 'Jaki jest tytul?', 'A', 38, 'star'),
(39, 'Jaki jest tytul?', 'A', 39, 'star'),
(40, 'Jaki jest tytul?', 'A', 40, 'star'),
(41, 'Jaki jest tytul?', 'A', 41, 'star'),
(42, 'Jaki jest tytul?', 'A', 42, 'star'),
(43, 'Do jakiego okresu w sztuce zaliczamy rzezbe \"wilczyca kapitolińska\"?', 'A', 43, 'star'),
(44, 'Jaki jest tytul?', 'A', 44, 'star'),
(45, 'Jaki jest tytul?', 'A', 45, 'star'),
(46, 'Jaki jest tytul?', 'A', 46, 'star'),
(47, 'Jaki jest tytul?', 'A', 47, 'star'),
(48, 'Jaki jest tytul?', 'A', 48, 'star'),
(49, 'Jaki jest tytul?', 'A', 49, 'star'),
(50, 'Jaki jest tytul?', 'A', 50, 'star'),
(51, 'Gdzie znajduje sie plaskorzezba?', 'A', 51, 'star'),
(52, 'Co jest na obrazku?', 'A', 52, 'star'),
(53, 'Jaki jest tytul?', 'A', 53, 'star'),
(54, 'Jaki jest tytul?', 'A', 54, 'star'),
(55, 'Jaki jest tytul?', 'A', 55, 'star'),
(56, 'Jaki jest tytul?', 'A', 56, 'star'),
(57, 'Jaki jest tytul?', 'A', 57, 'sre'),
(58, 'Obraz \"Trójca Swieta\" Andrieja Rublowa jest...', 'A', 58, 'sre'),
(59, 'Co jest na obrazku?', 'A', 59, 'sre'),
(60, 'Jaki jest tytul?', 'A', 60, 'sre'),
(61, 'Kogo przedstawia rzezba?', 'A', 61, 'sre'),
(62, 'Gdzie jest mozaika \"Dobry Pasterz\"?', 'A', 62, 'sre'),
(63, 'Co jest na obrazku?', 'A', 63, 'sre'),
(64, 'Jaki jest tytul?', 'A', 64, 'sre'),
(65, 'Jaki jest tytul?', 'A', 65, 'sre'),
(66, 'Jaki jest tytul?', 'A', 66, 'sre'),
(67, 'Gdzie znajduje sie mauzoleum \"Santa Constanza\"?', 'A', 67, 'sre'),
(68, 'Jest to strona z monogramem z...', 'A', 68, 'sre'),
(69, 'Jak nazywa sie ozdoba architektoniczna kosciola sw trójcy ze Strzelna?', 'A', 69, 'sre'),
(70, 'Co jest na obrazku?', 'A', 70, 'sre'),
(71, 'Co jest na obrazku?', 'A', 71, 'sre'),
(72, 'Co jest na obrazku?', 'A', 72, 'sre'),
(73, 'Co jest na obrazku?', 'A', 73, 'sre'),
(74, 'Co jest na obrazku?', 'A', 74, 'sre'),
(75, 'Co jest na obrazku?', 'A', 75, 'sre'),
(76, 'Co jest na obrazku?', 'A', 76, 'sre'),
(77, 'Co jest na obrazku?', 'A', 77, 'sre'),
(78, 'Co jest na obrazku?', 'A', 78, 'sre'),
(79, 'Jest to wnetrze kosciola...', 'A', 79, 'sre'),
(80, 'Gdzie znajduje sie krypta sw. Leonarda?', 'A', 80, 'sre'),
(81, 'Co jest na obrazku?', 'A', 81, 'sre'),
(82, 'Co jest na obrazku?', 'A', 82, 'sre'),
(83, 'Co jest na obrazku?', 'A', 83, 'sre'),
(84, 'Co jest na obrazku?', 'A', 84, 'sre'),
(85, 'Co jest na obrazku?', 'A', 85, 'sre'),
(86, 'Co jest na obrazku?', 'A', 86, 'sre'),
(87, 'Co jest na obrazku?', 'A', 87, 'sre'),
(88, 'Co jest na obrazku?', 'A', 88, 'sre'),
(89, 'Co jest na obrazku?', 'A', 89, 'sre'),
(90, 'Co jest na obrazku?', 'A', 90, 'sre'),
(91, 'Gdzie znajduje sie kaplica King’s College?', 'A', 91, 'sre'),
(92, '\r\nGdzie znajduje sie katedra Notre Dame?', 'A', 92, 'sre'),
(93, 'Co jest na obrazku?', 'A', 93, 'sre'),
(94, 'Na obrazku jest wnetrze...', 'A', 94, 'sre'),
(95, 'Co jest na obrazku?', 'A', 95, 'sre'),
(96, 'Co jest na obrazku?', 'A', 96, 'sre'),
(97, 'Co jest na obrazku?', 'A', 97, 'sre'),
(98, 'Co jest na obrazku?', 'A', 98, 'sre'),
(99, 'Co jest na obrazku?', 'A', 99, 'sre'),
(100, 'Co jest na obrazku?', 'A', 100, 'sre'),
(101, 'Co jest na obrazku?', 'A', 101, 'sre'),
(102, 'Co jest na obrazku?', 'A', 102, 'sre'),
(103, 'Co jest na obrazku?', 'A', 103, 'sre'),
(104, 'Co jest na obrazku?', 'A', 104, 'sre'),
(105, 'Co jest na obrazku?', 'A', 105, 'sre'),
(106, 'Co jest na obrazku?', 'A', 106, 'sre'),
(107, 'Co jest na obrazku?', 'A', 107, 'sre'),
(108, 'Co jest na obrazku?', 'A', 108, 'sre'),
(109, 'Kto jest autorem?', 'A', 109, 'sre'),
(110, 'Oltarz Mariacki kto jest autorem?', 'A', 110, 'sre'),
(111, 'Co jest na obrazku?', 'A', 111, 'sre'),
(112, 'Gdzie znajduje sie Palazzo Vecchio?', 'A', 112, 'sre'),
(113, 'Gdzie znajduje sie Palac Dozów?', 'A', 113, 'sre'),
(114, 'Co znajduje sie na obrazku?', 'A', 114, 'sre'),
(115, 'Co znajduje sie na obrazku?', 'A', 115, 'sre'),
(116, 'Co znajduje sie na obrazku?', 'A', 116, 'sre'),
(117, 'Kto jest autorem autoportretu z katedry w Pradze?', 'A', 117, 'sre'),
(118, 'Gdzie znajduje sie portal królewski?', 'A', 118, 'sre'),
(119, 'Gdzie znajduje sie Sainte Chapelle?', 'A', 119, 'sre'),
(120, 'Co jest na obrazku?', 'A', 120, 'sre'),
(121, 'Co jest na obrazku?', 'A', 121, 'sre'),
(122, 'Co jest na obrazku?', 'A', 122, 'sre'),
(123, 'Co jest na obrazku?', 'A', 123, 'sre'),
(124, 'Kto jest autorem krucyfiksu z kosciola Mariackego?', 'A', 124, 'sre'),
(125, 'Co jest na obrazku?', 'A', 125, 'sre'),
(126, 'Kto jest autorem Ołtarza Gandawskiego?', 'A', 126, 'sre'),
(127, 'Gdzie znajdują się freski?', 'A', 127, 'sre'),
(128, 'Co jest na obrazku?', 'A', 128, 'sre'),
(129, 'Kto jest autorem \" Kazanie do ptaków\"?', 'A', 129, 'sre'),
(130, 'Kto jest autorem \" Sad Ostateczny\"?', 'A', 130, 'sre'),
(131, 'Co jest na obrazku?', 'A', 131, 'sre'),
(132, 'Kto jest autorem \" Ogród rozkoszy ziemskich\"?', 'A', 132, 'sre'),
(133, 'Jaki jest tytuł obrazu Hieronima Boscha?', 'A', 133, 'sre'),
(134, 'Jaki jest tytuł obrazu Jana van Eycka?', 'A', 134, 'sre'),
(135, 'Jaki jest tytuł obrazu Jana van Eycka?', 'A', 135, 'sre'),
(136, 'Kto jest autorem obrazu \" Madonna kanonika van der Paele\"?', 'A', 136, 'sre'),
(137, 'Kto jest autorem obrazu \"Oltarz z Isenheim \"?', 'A', 137, 'sre'),
(138, 'Kto jest autorem obrazu\" Zdjecie z krzyza \"?', 'A', 138, 'sre'),
(139, 'Jaki jest tytuł obrazu Rogiera van der Weydena?', 'A', 139, 'sre'),
(140, 'Kto jest autorem obrazu\" Zwiastowanie\"?', 'A', 140, 'sre'),
(141, 'Kto jest autorem iluzjonistycznego fresku ?', 'A', 141, 'now'),
(142, 'Kto jest autorem \"Dawida\"?', 'A', 142, 'now'),
(143, 'Jaki  jest tytul rzezby autorstwa  Donato di Niccolo di Betto Bardi (Donatello)?', 'A', 143, 'now'),
(144, 'Kto jest autorem \"Wygnanie z raju\"?', 'A', 144, 'now'),
(145, 'Czyj to autoportret?', 'A', 145, 'now'),
(146, 'Jaka technika graficzna zostal zrobiony obraz Durera \"Adam i Ewa\"', 'A', 146, 'now'),
(147, ' Ołtarz Paumgartnerów Albrechta Dürera jest...', 'A', 147, 'now'),
(148, 'Kto jest autorem obrazu\"Ostatnia wieczerza\"?', 'A', 148, 'now'),
(149, 'Kto jest autorem obrazu \" Chrzest Chrystusa\"', 'A', 149, 'now'),
(150, 'Kto jest autorem rzezby \"Dawida\"?', 'A', 150, 'now'),
(151, 'Jaki  jest tytul rzezby autorstwa Andrea del Verrocchio ?', 'A', 151, 'now'),
(152, 'Co jest na obrazku?', 'A', 152, 'now'),
(153, 'Co jest na obrazku?', 'A', 153, 'now'),
(154, 'Kto jest autorem obrazu \"Narodziny Marii\"?', 'A', 154, 'now'),
(155, 'Kto jest autorem obrazu \"Starzec z wnukiem\"?', 'A', 155, 'now'),
(156, 'Kto jest autorem obrazu \" Madonna na tle okna\"?', 'A', 156, 'now'),
(157, 'Jaki  jest tytul obrazu autorstwa  Fra Angelico?', 'A', 157, 'now'),
(158, 'Kto jest autorem obrazu \"Koncert wiejski\"?', 'A', 158, 'now'),
(159, 'Kto jest autorem obrazu \"Spiaca Wenus\"?', 'A', 159, 'now'),
(160, 'Jaki  jest tytul obrazu autorstwa  Giorgione?', 'A', 160, 'now'),
(161, 'Jaki  jest tytul obrazu autorstwa Hansa Holbeina?', 'A', 161, 'now'),
(162, 'Kto jest autorem obrazu \" portret Henryka VIII\"?', 'A', 162, 'now'),
(163, 'Kto jest autorem rzezby \"Zdjecie z krzyza\"?', 'A', 163, 'now'),
(164, 'Kto jest autorem obrazu \"Madonna w grocie\"?', 'A', 164, 'now'),
(165, 'Kto jest autorem obrazu \"Ostatnia wieczerza\"?', 'A', 165, 'now'),
(166, 'Gdzie znajduje sie obraz Leonarda da Vinci \"Dama z gronostajem\"?', 'A', 166, 'now'),
(167, 'Kto jest autorem obrazu \"Mona Lisa\"?', 'A', 167, 'now'),
(168, 'Kto jest autorem obrazu \" Swieta Anna Samotrzecia\"?', 'A', 168, 'now'),
(169, 'Kto jest autorem plaskorzezby na drzwiach baptysterium florenckiego?', 'A', 169, 'now'),
(170, 'Kto jest autorem obrazu \"Portret Marcina Lutra\"?', 'A', 170, 'now'),
(171, 'Jaki tytul ma obraz autorstwa Lucasa Cranacha?', 'A', 171, 'now'),
(172, 'Jaki tytul ma rzezba autorstwa Donatella?', 'A', 172, 'now'),
(173, 'Jaki tytul ma obraz autorstwa Masaccio?', 'A', 173, 'now'),
(174, 'Kto jest autorem fresku \"Trójca swieta\"?', 'A', 174, 'now'),
(175, 'Gdzie znajduje sie rzezba Michala Aniola \"Dawid\"?', 'A', 175, 'now'),
(176, 'Gdzie znajduja sie freski Michala Aniola?', 'A', 176, 'now'),
(177, 'Kto jest autorem rzezby \"Mojzesz\"?', 'A', 177, 'now'),
(178, 'Kto jest autorem rzezby \"Pieta z bazyliki Sykstynskiej\"?', 'A', 178, 'now'),
(179, 'Kto jest autorem dziela \"Sad ostateczy\"?', 'A', 179, 'now'),
(180, 'Kto jest autorem obrazu \"Tondo Doni\"?', 'A', 180, 'now'),
(181, 'Jaki jest tytul rzezby autorstwa michala Aniola?', 'A', 181, 'now'),
(182, 'Ko jest autorem obrazu \"Bitwa pod San Romano\"?', 'A', 182, 'now'),
(183, 'Kto jest autorem obrazu \"Biczowanie\"?', 'A', 183, 'now'),
(184, 'Kto jest autorem obrazu \"Chrzest Chrystusa\"?', 'A', 184, 'now'),
(185, 'Kto jest autorem obrazu \"portrety Montefeltrów\"?', 'A', 185, 'now'),
(186, 'Jaki jest tytul obrazu Pietera Bruegela?', 'A', 186, 'now'),
(187, 'Kto jest autorem obrazu \"Zabawy dzieciece\"?', 'A', 187, 'now'),
(188, 'Jaki jest tytul obrazu Rafaela Santi?', 'A', 188, 'now'),
(189, 'Kto jest autorem obrazu \"Zaslubiny Marii\"?', 'A', 189, 'now'),
(190, 'Kto jest autorem obrazu \" Madonna della Sedia\"?', 'A', 190, 'now'),
(191, 'Jaki jest tytul obrazu Rafaela Santi?', 'A', 191, 'now'),
(192, 'Jaki jest tytul obrazu Sandro Botticelli?', 'A', 192, 'now'),
(193, 'Kto jest autorem obrazu \"Oplakiwanie Chrystusa\"?', 'A', 193, 'now'),
(194, 'Jaki jest tytul obrazu Sandro Botticelli?', 'A', 194, 'now'),
(195, 'Kto  jest autorem obrazu \"Narodziny Wenus\"?', 'A', 195, 'now'),
(196, 'Co jest na obrazku?', 'A', 196, 'now'),
(197, 'Kto jest autorem obrazu \" Zuzanna i starcy\"?', 'A', 197, 'now'),
(198, 'Co jest na obrazku?', 'A', 198, 'now'),
(199, 'Co jest na obrazku?', 'A', 199, 'now'),
(200, 'Kto jest autorem obrazu \" Wenus z Urbino\"?', 'A', 200, 'now'),
(201, 'Jaki jest tytul obrazu Tycjana?', 'A', 201, 'now'),
(202, 'Kto jest autorem obrazu \" portret Lukrecji Panciatichi\"?', 'A', 202, 'now'),
(203, 'Kto jest autorem obrazu \" Zwyciestwo czasu nad miloscia\"?', 'A', 203, 'now'),
(204, 'Jaki  jest  tytul obrazu Andrea del Sarto?', 'A', 204, 'now'),
(205, 'Co jest na obrazku?', 'A', 205, 'now'),
(206, 'Kto jest autorem \"Solniczki Franciszka I\"?', 'A', 206, 'now'),
(207, 'Jaki  jest  tytul obrazu El Greco?', 'A', 207, 'now'),
(208, 'Jaki  jest  tytul obrazu El Greco?', 'A', 208, 'now'),
(209, 'Kto jest autorem obrazu\"Obnazenie z szat \"?', 'A', 209, 'now'),
(210, 'Kto jest autorem obrazu \"Zeslanie Ducha Swietego\"?', 'A', 210, 'now'),
(211, 'Jaki  jest  tytul obrazu El Greco?', 'A', 211, 'now'),
(212, 'Kto jest autorem rzezby \"Porwanie Sabinek\"?', 'A', 212, 'now'),
(213, 'Kto jest autorem rzezby \"Merkury\"?', 'A', 213, 'now'),
(214, 'Jaki  jest  tytul obrazu Giuseppe Arcimboldo?', 'A', 214, 'now'),
(215, 'Kto jest autorem obrazu\"Zdjecie z krzyza\"', 'A', 215, 'now'),
(216, 'Kto jest autorem obrazu\" Autoportret w wypukłym lustrze\"?', 'A', 216, 'now'),
(217, 'Jaki  jest  tytul obrazu Parmigianino?', 'A', 217, 'now'),
(218, 'Co jest na obrazku?', 'A', 218, 'now'),
(219, 'Co jest na obrazku?', 'A', 219, 'now'),
(220, 'Co jest na obrazku?', 'A', 220, 'now'),
(221, 'Co jest na obrazku?', 'A', 221, 'now'),
(222, 'Co jest na obrazku?', 'A', 222, 'now'),
(223, ' Co jest na obrazku?', 'A', 223, 'now'),
(224, 'Gdzie znajduja sie kamienice braci Przybyłów?', 'A', 224, 'now'),
(225, 'Kto jest autorem nagrobka Anny Jagiellonki oraz Stefana Batorego?', 'A', 225, 'now'),
(226, 'Kto jest autorem nagrobka Zygmunta Augusta?', 'A', 226, 'now'),
(227, 'Co jest na obrazku?', 'A', 227, 'now'),
(228, 'Kto jest autorem Zamku w Baranowie?', 'A', 228, 'now'),
(229, 'Gdzie znajduje sie ten budynek?', 'A', 229, 'now'),
(230, 'Jaki jest tytul obrazu?', 'A', 230, 'now'),
(231, 'Co jest na obrazku?', 'A', 231, 'now'),
(232, 'Co jest na obrazku?', 'A', 232, 'now'),
(233, 'Kto jest autorem plafon w kosciele swietego Ignacego w Rzymie?', 'A', 233, 'now'),
(234, 'Kto jest autorem fresk w pałacu Farnese w Rzymie?', 'A', 234, 'now'),
(235, 'W jakim okresie sztuki został namalowany portret trumienny ?', 'A', 235, 'now'),
(236, 'Kto jest autorem obrazu \"Gilles\"?', 'A', 236, 'now'),
(237, 'Jaki jest tytul obrazu autorstwa Antoina Watteau?', 'A', 237, 'now'),
(238, 'Kto jest autorem obrazu \"Odjazd na Cytere\"?', 'A', 238, 'now'),
(239, 'Kto jest autorem obrazu \" Portret Karola I na łowach\"?', 'A', 239, 'now'),
(240, 'Kto jest autorem obrazu \" Widok kościoła San Giorgio Maggiore\"?', 'A', 240, 'now'),
(241, 'Kto jest autorem obrazu \" Judyta i Holofernes\"?', 'A', 241, 'now'),
(242, 'Jaki jest tytul obrazu autorstwa Claude Lorraina?', 'A', 242, 'now'),
(243, 'Kto jest autorem obrazu \" Ladowanie Kleopatry w Tarsie\"?', 'A', 243, 'now'),
(244, 'Co jest na obrazku?', 'A', 244, 'now'),
(245, 'Kto jest autorem obrazu \" Infantka Malgorzata\"?', 'A', 245, 'now'),
(246, 'Jaki jest tytul obrazu autorstwa Velazqueza?', 'A', 246, 'now'),
(247, 'Jaki jest tytul obrazu autorstwa Velazqueza?', 'A', 247, 'now'),
(248, 'Kto jest autorem obrazu \"Porzadki\"?', 'A', 248, 'now'),
(249, 'Jaki jest tytul obrazu autorstwa Velazqueza?', 'A', 249, 'now'),
(250, 'Kto jest autorem obrazu \" Poddanie Bredy\"?', 'A', 250, 'now'),
(251, 'Kto jest autorem  oltarza Wniebowziecia z kosicola w Rohr?', 'A', 251, 'now'),
(252, 'Jaki jest tytul?', 'A', 252, 'now'),
(253, 'Kto jest autorem obrazu \" Gondola na lagunie o zmierzchu\"?', 'A', 253, 'now'),
(254, 'Kto jest autorem obrazu \" Pogrzeb sw. Bonawentury\"?', 'A', 254, 'now'),
(255, 'Kto jest autorem obrazu \" Martwa natura z czterema naczyniami\"?', 'A', 255, 'now'),
(256, 'Jaki jest tytul obrazu autorstwa Françoisa Boucher?', 'A', 256, 'now'),
(257, 'Kto jest autorem obrazu\" Toaleta Wenus\"?', 'A', 257, 'now'),
(258, 'Kto jest autorem obrazu \" Apollo z nimfami\"?', 'A', 258, 'now'),
(259, 'Kto jest autorem obrazu \" Wesoły bibosz\"?', 'A', 259, 'now'),
(260, 'Jaki jest tytul obrazu autorstwa Fransa Snyders?', 'A', 260, 'now'),
(261, 'Kto jest autorem obrazu \" Pracownia stolarska sw. Jozefa\"?', 'A', 261, 'now'),
(262, 'Jaki jest tytul obrazu autorstwa Georgesa de la Tour?', 'A', 262, 'now'),
(263, 'Kto jest autorem obrazu \" Znalezienie ciała sw. Sebastiana\"?', 'A', 263, 'now'),
(264, 'Kto jest autorem fresek?', 'A', 264, 'now'),
(265, 'Kto jest autorem rzezby \"Ekstaza sw. Teresy\"?', 'A', 265, 'now'),
(266, 'Kto jest autorem rzezby \" Apollo i Dafne\"?', 'A', 266, 'now'),
(267, 'Jaki jest tytul rzezby autorstwa Gianlorenzo Bernini?', 'A', 267, 'now'),
(268, 'Kto jest autorem rzezby \"Dawid\"?', 'A', 268, 'now'),
(269, 'Kto jest autorem Fontanny Czterech Rzek?', 'A', 269, 'now'),
(270, 'Co jest na obrazku?', 'A', 270, 'now'),
(271, 'Jaki jest tytul obrazu?', 'A', 271, 'now'),
(272, 'Kto jest autorem rzezby \"Zwiastowanie\"?', 'A', 272, 'now'),
(273, 'Kto jest autorem obrazu \"Król pije\"?', 'A', 273, 'now'),
(274, 'Kto jest autorem obrazu \" Młyn koło Wijk\"?', 'A', 274, 'now'),
(275, 'Kto jest autorem obrazu \"Bukiet kwiatów\"?', 'A', 275, 'now'),
(276, 'Kto jest autorem obrazu \" Zwariowane gospodarstwo\"?', 'A', 276, 'now'),
(277, 'Jaki jest tytul obrazu autorstwa Jana Vermeera van Delft?', 'A', 277, 'now');

-- --------------------------------------------------------

--
-- Struktura tabeli dla tabeli `shirt`
--

CREATE TABLE `shirt` (
  `id_shirt` int(11) NOT NULL,
  `content` varchar(250) NOT NULL,
  `img` varchar(50) NOT NULL,
  `is_available` int(1) NOT NULL,
  `price` int(11) NOT NULL,
  `size` varchar(5) NOT NULL
) ENGINE=InnoDB DEFAULT CHARSET=utf8;

--
-- Zrzut danych tabeli `shirt`
--

INSERT INTO `shirt` (`id_shirt`, `content`, `img`, `is_available`, `price`, `size`) VALUES
(1, 'nanana', 'koszulka10.jpg', 1, 80, 'M'),
(2, 'wonderland', 'koszulka1.jpg', 1, 80, 'L'),
(3, 'bear', 'koszulka2.jpg', 0, 80, 'XL'),
(4, 'skull face off', 'koszulka3.jpg', 1, 80, 'L'),
(5, 'skull middle finger', 'koszulka4.jpg', 1, 80, 'L'),
(6, 'scorned', 'koszulka5.jpg', 1, 80, 'L'),
(7, 'pirate', 'koszulka6.jpg', 1, 80, 'L'),
(8, 'faces', 'koszulka7.jpg', 1, 80, 'M'),
(9, 'pussy', 'koszulka8.jpg', 1, 80, 'M'),
(10, 'fishy', 'koszulka9.jpg', 1, 80, 'M');

--
-- Indeksy dla zrzutów tabel
--

--
-- Indexes for table `answer`
--
ALTER TABLE `answer`
  ADD PRIMARY KEY (`id_answer`),
  ADD KEY `fk_question` (`fk_question`);

--
-- Indexes for table `question`
--
ALTER TABLE `question`
  ADD PRIMARY KEY (`id_question`);

--
-- Indexes for table `shirt`
--
ALTER TABLE `shirt`
  ADD PRIMARY KEY (`id_shirt`),
  ADD KEY `id_koszulka` (`id_shirt`);

--
-- AUTO_INCREMENT for dumped tables
--

--
-- AUTO_INCREMENT dla tabeli `answer`
--
ALTER TABLE `answer`
  MODIFY `id_answer` int(11) NOT NULL AUTO_INCREMENT, AUTO_INCREMENT=981;
--
-- AUTO_INCREMENT dla tabeli `question`
--
ALTER TABLE `question`
  MODIFY `id_question` int(11) NOT NULL AUTO_INCREMENT, AUTO_INCREMENT=278;
--
-- AUTO_INCREMENT dla tabeli `shirt`
--
ALTER TABLE `shirt`
  MODIFY `id_shirt` int(11) NOT NULL AUTO_INCREMENT, AUTO_INCREMENT=12;
/*!40101 SET CHARACTER_SET_CLIENT=@OLD_CHARACTER_SET_CLIENT */;
/*!40101 SET CHARACTER_SET_RESULTS=@OLD_CHARACTER_SET_RESULTS */;
/*!40101 SET COLLATION_CONNECTION=@OLD_COLLATION_CONNECTION */;
